Native,AudioURL
ahe,https://arrernte-angkentye.online/ecall/audio/ahe.mp3
ahele,https://arrernte-angkentye.online/ecall/audio/ahele.mp3
ahe-akngerre,https://arrernte-angkentye.online/ecall/audio/ahe-akngerre.mp3
ahele-irreme,https://arrernte-angkentye.online/ecall/audio/ahele-irreme.mp3
ahelhe,https://arrernte-angkentye.online/ecall/audio/ahelhe.mp3
ahentye 1,https://arrernte-angkentye.online/ecall/audio/ahentye.mp3
ahentye 2,https://arrernte-angkentye.online/ecall/audio/ahentye.mp3
aherre,https://arrernte-angkentye.online/ecall/audio/aherre.mp3
aherte,https://arrernte-angkentye.online/ecall/audio/aherte.mp3
aheye-angkeme,https://arrernte-angkentye.online/ecall/audio/aheye-angkeme.mp3
ahinenhe,https://arrernte-angkentye.online/ecall/audio/ahinenhe.mp3
akakweme,https://arrernte-angkentye.online/ecall/audio/akakweme.mp3
akalkelhe-ileme,https://arrernte-angkentye.online/ecall/audio/akalkelhe-ileme.mp3
akaltye,https://arrernte-angkentye.online/ecall/audio/akaltye.mp3
akaltye-antheme,https://arrernte-angkentye.online/ecall/audio/akaltye-antheme.mp3
akaltyele-antheme,https://arrernte-angkentye.online/ecall/audio/akaltyele-antheme.mp3
akaltye-irreme,https://arrernte-angkentye.online/ecall/audio/akaltye-irreme.mp3
akangkeme,https://arrernte-angkentye.online/ecall/audio/akangkeme.mp3
akangkwe-irreme,https://arrernte-angkentye.online/ecall/audio/akangkwe-irreme.mp3
akaperte,https://arrernte-angkentye.online/ecall/audio/akaperte.mp3
akarelheme,https://arrernte-angkentye.online/ecall/audio/akarelheme.mp3
akarlkweme,https://arrernte-angkentye.online/ecall/audio/akarlkweme.mp3
akarre,https://arrernte-angkentye.online/ecall/audio/akarre.mp3
akeme 2,https://arrernte-angkentye.online/ecall/audio/akeme.mp3
akeme 1,https://arrernte-angkentye.online/ecall/audio/akeme.mp3
akeme-irreme,https://arrernte-angkentye.online/ecall/audio/akeme-irreme.mp3
akemelhe-ileme,https://arrernte-angkentye.online/ecall/audio/akemelhe-ileme.mp3
akerte,https://arrernte-angkentye.online/ecall/audio/akerte.mp3
​-akerte,https://arrernte-angkentye.online/ecall/audio/-akerte.mp3
akertne,https://arrernte-angkentye.online/ecall/audio/akertne.mp3
akethe,https://arrernte-angkentye.online/ecall/audio/akethe.mp3
akethe-akethe,https://arrernte-angkentye.online/ecall/audio/akethe-akethe.mp3
Akeyulerre,https://arrernte-angkentye.online/ecall/audio/akeyulerre.mp3
akiltye-ileme,https://arrernte-angkentye.online/ecall/audio/akiltye-ileme.mp3
akiwarre,https://arrernte-angkentye.online/ecall/audio/akiwarre.mp3
akngakeme,https://arrernte-angkentye.online/ecall/audio/akngakeme.mp3
akngarte-iweme,https://arrernte-angkentye.online/ecall/audio/akngarte-iweme.mp3
akngelheme,https://arrernte-angkentye.online/ecall/audio/akngelheme.mp3
akngeme,https://arrernte-angkentye.online/ecall/audio/akngeme.mp3
akngerre,https://arrernte-angkentye.online/ecall/audio/akngerre.mp3
akngetyeme,https://arrernte-angkentye.online/ecall/audio/akngetyeme.mp3
akngeye,https://arrernte-angkentye.online/ecall/audio/akngeye.mp3
akngwelye,https://arrernte-angkentye.online/ecall/audio/akngwelye.mp3
akngwelye artnwere,https://arrernte-angkentye.online/ecall/audio/akngwelyeartnwere.mp3
Akngwertnarre,https://arrernte-angkentye.online/ecall/audio/akngwertnarre.mp3
akunye,https://arrernte-angkentye.online/ecall/audio/akunye.mp3
akurne,https://arrernte-angkentye.online/ecall/audio/akurne.mp3
akurrknge,https://arrernte-angkentye.online/ecall/audio/akurrknge.mp3
akutne,https://arrernte-angkentye.online/ecall/audio/akutne.mp3
akwangenye,https://arrernte-angkentye.online/ecall/audio/akwangenye.mp3
akwe-arratye,https://arrernte-angkentye.online/ecall/audio/akwe-arratye.mp3
akweke,https://arrernte-angkentye.online/ecall/audio/akweke.mp3
akwele,https://arrernte-angkentye.online/ecall/audio/akwele.mp3
akwerneme,https://arrernte-angkentye.online/ecall/audio/akwerneme.mp3
akwerrke,https://arrernte-angkentye.online/ecall/audio/akwerrke.mp3
akwete,https://arrernte-angkentye.online/ecall/audio/akwete.mp3
akwetethe,https://arrernte-angkentye.online/ecall/audio/akwetethe.mp3
akwetethenhe,https://arrernte-angkentye.online/ecall/audio/akwetethenhe.mp3
akwintye,https://arrernte-angkentye.online/ecall/audio/akwintye.mp3
akwirreme,https://arrernte-angkentye.online/ecall/audio/akwirreme.mp3
alakenhe,https://arrernte-angkentye.online/ecall/audio/alakenhe.mp3
alangkwe,https://arrernte-angkentye.online/ecall/audio/alangkwe.mp3
alarte,https://arrernte-angkentye.online/ecall/audio/alarte.mp3
alaye,https://arrernte-angkentye.online/ecall/audio/alaye.mp3
Alaye!,https://arrernte-angkentye.online/ecall/audio/alaye.mp3
aleme,https://arrernte-angkentye.online/ecall/audio/aleme.mp3
alengke-iwelheme,https://arrernte-angkentye.online/ecall/audio/alengke-iwelheme.mp3
alengke-iweme,https://arrernte-angkentye.online/ecall/audio/alengke-iweme.mp3
alenye,https://arrernte-angkentye.online/ecall/audio/alenye.mp3
alepe,https://arrernte-angkentye.online/ecall/audio/alepe.mp3
alethange,https://arrernte-angkentye.online/ecall/audio/alethange.mp3
alewatyerre,https://arrernte-angkentye.online/ecall/audio/alewatyerre.mp3
alhampwe,https://arrernte-angkentye.online/ecall/audio/alhampwe.mp3
alharrkentye,https://arrernte-angkentye.online/ecall/audio/alharrkentye.mp3
alhe,https://arrernte-angkentye.online/ecall/audio/alhe.mp3
Alhekulyele,https://arrernte-angkentye.online/ecall/audio/alhekulyele.mp3
alheme,https://arrernte-angkentye.online/ecall/audio/alheme.mp3
alherreme,https://arrernte-angkentye.online/ecall/audio/alherreme.mp3
alhewelheme,https://arrernte-angkentye.online/ecall/audio/alhewelheme.mp3
alheweme,https://arrernte-angkentye.online/ecall/audio/alheweme.mp3
alhwarrpe,https://arrernte-angkentye.online/ecall/audio/alhwarrpe.mp3
alhwe,https://arrernte-angkentye.online/ecall/audio/alhwe.mp3
alhwenge,https://arrernte-angkentye.online/ecall/audio/alhwenge.mp3
alkarle,https://arrernte-angkentye.online/ecall/audio/alkarle.mp3
alkere,https://arrernte-angkentye.online/ecall/audio/alkere.mp3
alkereke-irreme,https://arrernte-angkentye.online/ecall/audio/alkereke-irreme.mp3
alkerele alheme,https://arrernte-angkentye.online/ecall/audio/alkerelealheme.mp3
alkngarlpe,https://arrernte-angkentye.online/ecall/audio/alkngarlpe.mp3
alkngarnte,https://arrernte-angkentye.online/ecall/audio/alkngarnte.mp3
alkngerurrke,https://arrernte-angkentye.online/ecall/audio/alkngerurrke.mp3
alknge,https://arrernte-angkentye.online/ecall/audio/alknge.mp3
alknge atherrke,https://arrernte-angkentye.online/ecall/audio/alkngeatherrke.mp3
alknge atherrke-atherrke,https://arrernte-angkentye.online/ecall/audio/alkngeatherrke-atherrke.mp3
alknge kwarte,https://arrernte-angkentye.online/ecall/audio/alkngekwarte.mp3
alknge-irlpelhe,https://arrernte-angkentye.online/ecall/audio/alknge-irlpelhe.mp3
alkngenthe,https://arrernte-angkentye.online/ecall/audio/alkngenthe.mp3
alknginere,https://arrernte-angkentye.online/ecall/audio/alknginere.mp3
alkngultye,https://arrernte-angkentye.online/ecall/audio/alkngultye.mp3
alknguntye,https://arrernte-angkentye.online/ecall/audio/alknguntye.mp3
alkngwe,https://arrernte-angkentye.online/ecall/audio/alkngwe.mp3
alkngwirreme,https://arrernte-angkentye.online/ecall/audio/alkngwirreme.mp3
alkwerte,https://arrernte-angkentye.online/ecall/audio/alkwerte.mp3
alpeme,https://arrernte-angkentye.online/ecall/audio/alpeme.mp3
alperrantyeye,https://arrernte-angkentye.online/ecall/audio/alperrantyeye.mp3
alpmanthe,https://arrernte-angkentye.online/ecall/audio/alpmanthe.mp3
alte,https://arrernte-angkentye.online/ecall/audio/alte.mp3
althelheme,https://arrernte-angkentye.online/ecall/audio/althelheme.mp3
altheme,https://arrernte-angkentye.online/ecall/audio/altheme.mp3
alturle,https://arrernte-angkentye.online/ecall/audio/alturle.mp3
altyele,https://arrernte-angkentye.online/ecall/audio/altyele.mp3
altyerre,https://arrernte-angkentye.online/ecall/audio/altyerre.mp3
altyerre areme,https://arrernte-angkentye.online/ecall/audio/altyerreareme.mp3
Altyerrenge,https://arrernte-angkentye.online/ecall/audio/altyerrenge.mp3
altyiweme,https://arrernte-angkentye.online/ecall/audio/altyiweme.mp3
altywere,https://arrernte-angkentye.online/ecall/audio/altywere.mp3
altywere-ileme,https://arrernte-angkentye.online/ecall/audio/altywere-ileme.mp3
alwerneme,https://arrernte-angkentye.online/ecall/audio/alwerneme.mp3
alye,https://arrernte-angkentye.online/ecall/audio/alye.mp3
alyekwe,https://arrernte-angkentye.online/ecall/audio/alyekwe.mp3
alyelheme,https://arrernte-angkentye.online/ecall/audio/alyelheme.mp3
alyeme,https://arrernte-angkentye.online/ecall/audio/alyeme.mp3
alyerneme,https://arrernte-angkentye.online/ecall/audio/alyerneme.mp3
alyweke,https://arrernte-angkentye.online/ecall/audio/alyweke.mp3
amake,https://arrernte-angkentye.online/ecall/audio/amake.mp3
amenge,https://arrernte-angkentye.online/ecall/audio/amenge.mp3
Amengkwerne,https://arrernte-angkentye.online/ecall/audio/amengkwerne.mp3
amirre,https://arrernte-angkentye.online/ecall/audio/amirre.mp3
amiwarre,https://arrernte-angkentye.online/ecall/audio/amiwarre.mp3
ampatye,https://arrernte-angkentye.online/ecall/audio/ampatye.mp3
ampe,https://arrernte-angkentye.online/ecall/audio/ampe.mp3
ampe marle,https://arrernte-angkentye.online/ecall/audio/ampemarle.mp3
ampe urreye,https://arrernte-angkentye.online/ecall/audio/ampeurreye.mp3
ampeke-aneme,https://arrernte-angkentye.online/ecall/audio/ampeke-aneme.mp3
ampeme,https://arrernte-angkentye.online/ecall/audio/ampeme.mp3
ampenye,https://arrernte-angkentye.online/ecall/audio/ampenye.mp3
ampere,https://arrernte-angkentye.online/ecall/audio/ampere.mp3
Ampetyane,https://arrernte-angkentye.online/ecall/audio/ampetyane.mp3
ampwe,https://arrernte-angkentye.online/ecall/audio/ampwe.mp3
amulte,https://arrernte-angkentye.online/ecall/audio/amulte.mp3
aname-irreme,https://arrernte-angkentye.online/ecall/audio/aname-irreme.mp3
anatye,https://arrernte-angkentye.online/ecall/audio/anatye.mp3
ane,https://arrernte-angkentye.online/ecall/audio/ane.mp3
aneme,https://arrernte-angkentye.online/ecall/audio/aneme.mp3
anepe-aneme,https://arrernte-angkentye.online/ecall/audio/anepe-aneme.mp3
anewe,https://arrernte-angkentye.online/ecall/audio/anewe.mp3
anewe-akeme,https://arrernte-angkentye.online/ecall/audio/anewe-akeme.mp3
Angale,https://arrernte-angkentye.online/ecall/audio/angale.mp3
angayakwe,https://arrernte-angkentye.online/ecall/audio/angayakwe.mp3
angeme,https://arrernte-angkentye.online/ecall/audio/angeme.mp3
angente,https://arrernte-angkentye.online/ecall/audio/angente.mp3
angepe,https://arrernte-angkentye.online/ecall/audio/angepe.mp3
angerneme,https://arrernte-angkentye.online/ecall/audio/angerneme.mp3
angkeme,https://arrernte-angkentye.online/ecall/audio/angkeme.mp3
angkentye,https://arrernte-angkentye.online/ecall/audio/angkentye.mp3
angkethakwe,https://arrernte-angkentye.online/ecall/audio/angkethakwe.mp3
angkulye,https://arrernte-angkentye.online/ecall/audio/angkulye.mp3
angkwene,https://arrernte-angkentye.online/ecall/audio/angkwene.mp3
angkwere,https://arrernte-angkentye.online/ecall/audio/angkwere.mp3
angwenhe?,https://arrernte-angkentye.online/ecall/audio/angwenhe.mp3
angwenhe-kenhe?,https://arrernte-angkentye.online/ecall/audio/angwenhe-kenhe.mp3
angwerre,https://arrernte-angkentye.online/ecall/audio/angwerre.mp3
angwerre-angwerre,https://arrernte-angkentye.online/ecall/audio/angwerre-angwerre.mp3
anheme,https://arrernte-angkentye.online/ecall/audio/anheme.mp3
anherre,https://arrernte-angkentye.online/ecall/audio/anherre.mp3
ankele,https://arrernte-angkentye.online/ecall/audio/ankele.mp3
ankere,https://arrernte-angkentye.online/ecall/audio/ankere.mp3
ankerre,https://arrernte-angkentye.online/ecall/audio/ankerre.mp3
Ankerre-Ankerre,https://arrernte-angkentye.online/ecall/audio/ankerre-ankerre.mp3
ankerte,https://arrernte-angkentye.online/ecall/audio/ankerte.mp3
ankwe,https://arrernte-angkentye.online/ecall/audio/ankwe.mp3
ankwe-inteme,https://arrernte-angkentye.online/ecall/audio/ankwe-inteme.mp3
annge,https://arrernte-angkentye.online/ecall/audio/annge.mp3
anngwerre,https://arrernte-angkentye.online/ecall/audio/anngwerre.mp3
anngwerre-anngwerre,https://arrernte-angkentye.online/ecall/audio/anngwerre-anngwerre.mp3
anpeme,https://arrernte-angkentye.online/ecall/audio/anpeme.mp3
anpere,https://arrernte-angkentye.online/ecall/audio/anpere.mp3
anpere alheme,https://arrernte-angkentye.online/ecall/audio/anperealheme.mp3
anperneme,https://arrernte-angkentye.online/ecall/audio/anperneme.mp3
anpernirreme,https://arrernte-angkentye.online/ecall/audio/anpernirreme.mp3
anpernirrentye,https://arrernte-angkentye.online/ecall/audio/anpernirrentye.mp3
antangkeme,https://arrernte-angkentye.online/ecall/audio/antangkeme.mp3
ante,https://arrernte-angkentye.online/ecall/audio/ante.mp3
​-ante,https://arrernte-angkentye.online/ecall/audio/-ante.mp3
anteke,https://arrernte-angkentye.online/ecall/audio/anteke.mp3
antekerre,https://arrernte-angkentye.online/ecall/audio/antekerre.mp3
anteme,https://arrernte-angkentye.online/ecall/audio/anteme.mp3
antenhe,https://arrernte-angkentye.online/ecall/audio/antenhe.mp3
antere,https://arrernte-angkentye.online/ecall/audio/antere.mp3
antethe,https://arrernte-angkentye.online/ecall/audio/antethe.mp3
antewe-irreme,https://arrernte-angkentye.online/ecall/audio/antewe-irreme.mp3
anteweke-antewe-irreme,https://arrernte-angkentye.online/ecall/audio/anteweke-antewe-irreme.mp3
anteweke-anteweke-irreme,https://arrernte-angkentye.online/ecall/audio/anteweke-anteweke-irreme.mp3
Anthelke Ulpaye,https://arrernte-angkentye.online/ecall/audio/anthelkeulpaye.mp3
antheme,https://arrernte-angkentye.online/ecall/audio/antheme.mp3
anthepe,https://arrernte-angkentye.online/ecall/audio/anthepe.mp3
Anthepe,https://arrernte-angkentye.online/ecall/audio/anthepe.mp3
anthurre,https://arrernte-angkentye.online/ecall/audio/anthurre.mp3
anthwerrke,https://arrernte-angkentye.online/ecall/audio/anthwerrke.mp3
Anthwerrke,https://arrernte-angkentye.online/ecall/audio/anthwerrke.mp3
antyeme,https://arrernte-angkentye.online/ecall/audio/antyeme.mp3
antyenye,https://arrernte-angkentye.online/ecall/audio/antyenye.mp3
antyerrke,https://arrernte-angkentye.online/ecall/audio/antyerrke.mp3
antyetyerre,https://arrernte-angkentye.online/ecall/audio/antyetyerre.mp3
antyeye,https://arrernte-angkentye.online/ecall/audio/antyeye.mp3
antyipere,https://arrernte-angkentye.online/ecall/audio/antyipere.mp3
antywe,https://arrernte-angkentye.online/ecall/audio/antywe.mp3
antyweme,https://arrernte-angkentye.online/ecall/audio/antyweme.mp3
anwerne,https://arrernte-angkentye.online/ecall/audio/anwerne.mp3
anwernenhe,https://arrernte-angkentye.online/ecall/audio/anwernenhe.mp3
anyente,https://arrernte-angkentye.online/ecall/audio/anyente.mp3
apaneme,https://arrernte-angkentye.online/ecall/audio/apaneme.mp3
aparlpe-ileme,https://arrernte-angkentye.online/ecall/audio/aparlpe-ileme.mp3
aparlpe-irreme,https://arrernte-angkentye.online/ecall/audio/aparlpe-irreme.mp3
aparre,https://arrernte-angkentye.online/ecall/audio/aparre.mp3
apaye-uthneme,https://arrernte-angkentye.online/ecall/audio/apaye-uthneme.mp3
apeke,https://arrernte-angkentye.online/ecall/audio/apeke.mp3
apekeme,https://arrernte-angkentye.online/ecall/audio/apekeme.mp3
apele,https://arrernte-angkentye.online/ecall/audio/apele.mp3
apelkere,https://arrernte-angkentye.online/ecall/audio/apelkere.mp3
apenteme,https://arrernte-angkentye.online/ecall/audio/apenteme.mp3
aperaltye,https://arrernte-angkentye.online/ecall/audio/aperaltye.mp3
apere,https://arrernte-angkentye.online/ecall/audio/apere.mp3
Apere Alwerrknge,https://arrernte-angkentye.online/ecall/audio/aperealwerrknge.mp3
aperle,https://arrernte-angkentye.online/ecall/audio/aperle.mp3
aperre,https://arrernte-angkentye.online/ecall/audio/aperre.mp3
aperrke,https://arrernte-angkentye.online/ecall/audio/aperrke.mp3
aperreme,https://arrernte-angkentye.online/ecall/audio/aperreme.mp3
aperteme,https://arrernte-angkentye.online/ecall/audio/aperteme.mp3
apethe,https://arrernte-angkentye.online/ecall/audio/apethe.mp3
apetye-alpeme,https://arrernte-angkentye.online/ecall/audio/apetye-alpeme.mp3
apetyeme,https://arrernte-angkentye.online/ecall/audio/apetyeme.mp3
apmere,https://arrernte-angkentye.online/ecall/audio/apmere.mp3
apmwe,https://arrernte-angkentye.online/ecall/audio/apmwe.mp3
apmwerrke,https://arrernte-angkentye.online/ecall/audio/apmwerrke.mp3
apure,https://arrernte-angkentye.online/ecall/audio/apure.mp3
apure-irreme,https://arrernte-angkentye.online/ecall/audio/apure-irreme.mp3
apurrke,https://arrernte-angkentye.online/ecall/audio/apurrke.mp3
apurrke-irreme,https://arrernte-angkentye.online/ecall/audio/apurrke-irreme.mp3
apurte,https://arrernte-angkentye.online/ecall/audio/apurte.mp3
apwape,https://arrernte-angkentye.online/ecall/audio/apwape.mp3
apwapwe,https://arrernte-angkentye.online/ecall/audio/apwapwe.mp3
apwelantye,https://arrernte-angkentye.online/ecall/audio/apwelantye.mp3
apwerte,https://arrernte-angkentye.online/ecall/audio/apwerte.mp3
apweteke,https://arrernte-angkentye.online/ecall/audio/apweteke.mp3
arelhe,https://arrernte-angkentye.online/ecall/audio/arelhe.mp3
aremaye,https://arrernte-angkentye.online/ecall/audio/aremaye.mp3
areme,https://arrernte-angkentye.online/ecall/audio/areme.mp3
arenge,https://arrernte-angkentye.online/ecall/audio/arenge.mp3
​-arenye,https://arrernte-angkentye.online/ecall/audio/-arenye.mp3
arerre,https://arrernte-angkentye.online/ecall/audio/arerre.mp3
arerte,https://arrernte-angkentye.online/ecall/audio/arerte.mp3
arerte-arerte,https://arrernte-angkentye.online/ecall/audio/arerte-arerte.mp3
arethape,https://arrernte-angkentye.online/ecall/audio/arethape.mp3
aretharre,https://arrernte-angkentye.online/ecall/audio/aretharre.mp3
​-areye,https://arrernte-angkentye.online/ecall/audio/-areye.mp3
arlantye,https://arrernte-angkentye.online/ecall/audio/arlantye.mp3
arlarte,https://arrernte-angkentye.online/ecall/audio/arlarte.mp3
arlatyeye,https://arrernte-angkentye.online/ecall/audio/arlatyeye.mp3
arlenge,https://arrernte-angkentye.online/ecall/audio/arlenge.mp3
arlenye,https://arrernte-angkentye.online/ecall/audio/arlenye.mp3
arletye,https://arrernte-angkentye.online/ecall/audio/arletye.mp3
arlewarrere,https://arrernte-angkentye.online/ecall/audio/arlewarrere.mp3
arlewatyerre,https://arrernte-angkentye.online/ecall/audio/arlewatyerre.mp3
arleye,https://arrernte-angkentye.online/ecall/audio/arleye.mp3
​-arlke,https://arrernte-angkentye.online/ecall/audio/-arlke.mp3
arlkeme,https://arrernte-angkentye.online/ecall/audio/arlkeme.mp3
arlketyerre,https://arrernte-angkentye.online/ecall/audio/arlketyerre.mp3
arlkweme,https://arrernte-angkentye.online/ecall/audio/arlkweme.mp3
arlpatye,https://arrernte-angkentye.online/ecall/audio/arlpatye.mp3
arlpelhe,https://arrernte-angkentye.online/ecall/audio/arlpelhe.mp3
arlpentye,https://arrernte-angkentye.online/ecall/audio/arlpentye.mp3
arlperenye,https://arrernte-angkentye.online/ecall/audio/arlperenye.mp3
arlperrantyeye,https://arrernte-angkentye.online/ecall/audio/arlperrantyeye.mp3
arlpmenye,https://arrernte-angkentye.online/ecall/audio/arlpmenye.mp3
arlte,https://arrernte-angkentye.online/ecall/audio/arlte.mp3
arlte mpepe,https://arrernte-angkentye.online/ecall/audio/arltempepe.mp3
arltwe,https://arrernte-angkentye.online/ecall/audio/arltwe.mp3
arlure,https://arrernte-angkentye.online/ecall/audio/arlure.mp3
arlware,https://arrernte-angkentye.online/ecall/audio/arlware.mp3
arlwe,https://arrernte-angkentye.online/ecall/audio/arlwe.mp3
arlwekere,https://arrernte-angkentye.online/ecall/audio/arlwekere.mp3
arne,https://arrernte-angkentye.online/ecall/audio/arne.mp3
arne-artne,https://arrernte-angkentye.online/ecall/audio/arne-artne.mp3
arnerre,https://arrernte-angkentye.online/ecall/audio/arnerre.mp3
arnkarre,https://arrernte-angkentye.online/ecall/audio/arnkarre.mp3
arnke,https://arrernte-angkentye.online/ecall/audio/arnke.mp3
arnkelye,https://arrernte-angkentye.online/ecall/audio/arnkelye.mp3
arnkentye,https://arrernte-angkentye.online/ecall/audio/arnkentye.mp3
arnkwerte-arnkwerte,https://arrernte-angkentye.online/ecall/audio/arnkwerte-arnkwerte.mp3
arnpenheme,https://arrernte-angkentye.online/ecall/audio/arnpenheme.mp3
arnperrke,https://arrernte-angkentye.online/ecall/audio/arnperrke.mp3
arntarlkwe,https://arrernte-angkentye.online/ecall/audio/arntarlkwe.mp3
arnteme,https://arrernte-angkentye.online/ecall/audio/arnteme.mp3
arntengeye,https://arrernte-angkentye.online/ecall/audio/arntengeye.mp3
arnterre,https://arrernte-angkentye.online/ecall/audio/arnterre.mp3
arnterte,https://arrernte-angkentye.online/ecall/audio/arnterte.mp3
arntetherrke,https://arrernte-angkentye.online/ecall/audio/arntetherrke.mp3
arnteweye,https://arrernte-angkentye.online/ecall/audio/arnteweye.mp3
arntinye,https://arrernte-angkentye.online/ecall/audio/arntinye.mp3
arntirrkweme,https://arrernte-angkentye.online/ecall/audio/arntirrkweme.mp3
arntirte,https://arrernte-angkentye.online/ecall/audio/arntirte.mp3
arntwerreme,https://arrernte-angkentye.online/ecall/audio/arntwerreme.mp3
arntwirrkeme,https://arrernte-angkentye.online/ecall/audio/arntwirrkeme.mp3
arnwere,https://arrernte-angkentye.online/ecall/audio/arnwere.mp3
arrakerte,https://arrernte-angkentye.online/ecall/audio/arrakerte.mp3
arralkeme,https://arrernte-angkentye.online/ecall/audio/arralkeme.mp3
arralte,https://arrernte-angkentye.online/ecall/audio/arralte.mp3
arrangkwe,https://arrernte-angkentye.online/ecall/audio/arrangkwe.mp3
arrankweye,https://arrernte-angkentye.online/ecall/audio/arrankweye.mp3
arrantherre,https://arrernte-angkentye.online/ecall/audio/arrantherre.mp3
arrateme,https://arrernte-angkentye.online/ecall/audio/arrateme.mp3
arratintyeme,https://arrernte-angkentye.online/ecall/audio/arratintyeme.mp3
arratye,https://arrernte-angkentye.online/ecall/audio/arratye.mp3
arre-yenpe,https://arrernte-angkentye.online/ecall/audio/arre-yenpe.mp3
arreltye,https://arrernte-angkentye.online/ecall/audio/arreltye.mp3
arrelyennge,https://arrernte-angkentye.online/ecall/audio/arrelyennge.mp3
arreme,https://arrernte-angkentye.online/ecall/audio/arreme.mp3
arrenge,https://arrernte-angkentye.online/ecall/audio/arrenge.mp3
arrentye,https://arrernte-angkentye.online/ecall/audio/arrentye.mp3
arrerneme,https://arrernte-angkentye.online/ecall/audio/arrerneme.mp3
arrernirtneme,https://arrernte-angkentye.online/ecall/audio/arrernirtneme.mp3
Arrernte,https://arrernte-angkentye.online/ecall/audio/arrernte.mp3
arreweme,https://arrernte-angkentye.online/ecall/audio/arreweme.mp3
arrirlpe,https://arrernte-angkentye.online/ecall/audio/arrirlpe.mp3
arrirnpirnpe,https://arrernte-angkentye.online/ecall/audio/arrirnpirnpe.mp3
arrirtne,https://arrernte-angkentye.online/ecall/audio/arrirtne.mp3
arritnye,https://arrernte-angkentye.online/ecall/audio/arritnye.mp3
arrkene,https://arrernte-angkentye.online/ecall/audio/arrkene.mp3
arrkene-irreme,https://arrernte-angkentye.online/ecall/audio/arrkene-irreme.mp3
arrkerneme,https://arrernte-angkentye.online/ecall/audio/arrkerneme.mp3
arrkernke,https://arrernte-angkentye.online/ecall/audio/arrkernke.mp3
arrpanenhe / arrpe-anenhe,https://arrernte-angkentye.online/ecall/audio/arrpanenhearrpe-anenhe.mp3
arrpenhe,https://arrernte-angkentye.online/ecall/audio/arrpenhe.mp3
arrpenheme,https://arrernte-angkentye.online/ecall/audio/arrpenheme.mp3
arrpwere,https://arrernte-angkentye.online/ecall/audio/arrpwere.mp3
arrpwerneme,https://arrernte-angkentye.online/ecall/audio/arrpwerneme.mp3
arrtyaneme,https://arrernte-angkentye.online/ecall/audio/arrtyaneme.mp3
arrule,https://arrernte-angkentye.online/ecall/audio/arrule.mp3
arrutne,https://arrernte-angkentye.online/ecall/audio/arrutne.mp3
arrutnenge,https://arrernte-angkentye.online/ecall/audio/arrutnenge.mp3
arrwe,https://arrernte-angkentye.online/ecall/audio/arrwe.mp3
arrwekele,https://arrernte-angkentye.online/ecall/audio/arrwekele.mp3
arrwekelenye,https://arrernte-angkentye.online/ecall/audio/arrwekelenye.mp3
artangentyele,https://arrernte-angkentye.online/ecall/audio/artangentyele.mp3
artarre,https://arrernte-angkentye.online/ecall/audio/artarre.mp3
​-arteke,https://arrernte-angkentye.online/ecall/audio/-arteke.mp3
artekerre,https://arrernte-angkentye.online/ecall/audio/artekerre.mp3
arteme,https://arrernte-angkentye.online/ecall/audio/arteme.mp3
artengkwelknge,https://arrernte-angkentye.online/ecall/audio/artengkwelknge.mp3
artengkulknge,https://arrernte-angkentye.online/ecall/audio/artengkulknge.mp3
artepe,https://arrernte-angkentye.online/ecall/audio/artepe.mp3
artepe-aneme,https://arrernte-angkentye.online/ecall/audio/artepe-aneme.mp3
arteperrke,https://arrernte-angkentye.online/ecall/audio/arteperrke.mp3
arterte-ileme,https://arrernte-angkentye.online/ecall/audio/arterte-ileme.mp3
artetye,https://arrernte-angkentye.online/ecall/audio/artetye.mp3
artewe,https://arrernte-angkentye.online/ecall/audio/artewe.mp3
artirte-ileme,https://arrernte-angkentye.online/ecall/audio/artirte-ileme.mp3
artitye,https://arrernte-angkentye.online/ecall/audio/artitye.mp3
artityerrityerre,https://arrernte-angkentye.online/ecall/audio/artityerrityerre.mp3
artneme,https://arrernte-angkentye.online/ecall/audio/artneme.mp3
arturle,https://arrernte-angkentye.online/ecall/audio/arturle.mp3
arturte,https://arrernte-angkentye.online/ecall/audio/arturte.mp3
artwe,https://arrernte-angkentye.online/ecall/audio/artwe.mp3
artweye,https://arrernte-angkentye.online/ecall/audio/artweye.mp3
arunthe,https://arrernte-angkentye.online/ecall/audio/arunthe.mp3
arwengalkere,https://arrernte-angkentye.online/ecall/audio/arwengalkere.mp3
atantheme,https://arrernte-angkentye.online/ecall/audio/atantheme.mp3
ateme,https://arrernte-angkentye.online/ecall/audio/ateme.mp3
atere,https://arrernte-angkentye.online/ecall/audio/atere.mp3
atere-irreme,https://arrernte-angkentye.online/ecall/audio/atere-irreme.mp3
aterneme,https://arrernte-angkentye.online/ecall/audio/aterneme.mp3
aternnge,https://arrernte-angkentye.online/ecall/audio/aternnge.mp3
atertneme,https://arrernte-angkentye.online/ecall/audio/atertneme.mp3
atetherre,https://arrernte-angkentye.online/ecall/audio/atetherre.mp3
athakwere,https://arrernte-angkentye.online/ecall/audio/athakwere.mp3
​-athathe,https://arrernte-angkentye.online/ecall/audio/-athathe.mp3
atheme,https://arrernte-angkentye.online/ecall/audio/atheme.mp3
athenge,https://arrernte-angkentye.online/ecall/audio/athenge.mp3
athere,https://arrernte-angkentye.online/ecall/audio/athere.mp3
Athereyurre,https://arrernte-angkentye.online/ecall/audio/athereyurre.mp3
atherre,https://arrernte-angkentye.online/ecall/audio/atherre.mp3
atherrame,https://arrernte-angkentye.online/ecall/audio/atherrame.mp3
atherreme,https://arrernte-angkentye.online/ecall/audio/atherreme.mp3
atherrke,https://arrernte-angkentye.online/ecall/audio/atherrke.mp3
atherrke-atherrke,https://arrernte-angkentye.online/ecall/audio/atherrke-atherrke.mp3
athetheke,https://arrernte-angkentye.online/ecall/audio/athetheke.mp3
athirnte,https://arrernte-angkentye.online/ecall/audio/athirnte.mp3
athnurte-athnurte,https://arrernte-angkentye.online/ecall/audio/athnurte-athnurte.mp3
atnarnpeme,https://arrernte-angkentye.online/ecall/audio/atnarnpeme.mp3
atneme,https://arrernte-angkentye.online/ecall/audio/atneme.mp3
atnerre,https://arrernte-angkentye.online/ecall/audio/atnerre.mp3
atnerte,https://arrernte-angkentye.online/ecall/audio/atnerte.mp3
atnerte-atnerte,https://arrernte-angkentye.online/ecall/audio/atnerte-atnerte.mp3
atnethakerte,https://arrernte-angkentye.online/ecall/audio/atnethakerte.mp3
atnewe-atnewe,https://arrernte-angkentye.online/ecall/audio/atnewe-atnewe.mp3
atnineme / atne-ineme,https://arrernte-angkentye.online/ecall/audio/atninemeatne-ineme.mp3
atnunthe,https://arrernte-angkentye.online/ecall/audio/atnunthe.mp3
atnurrknge,https://arrernte-angkentye.online/ecall/audio/atnurrknge.mp3
atnwaltye,https://arrernte-angkentye.online/ecall/audio/atnwaltye.mp3
atnware,https://arrernte-angkentye.online/ecall/audio/atnware.mp3
atnyatye,https://arrernte-angkentye.online/ecall/audio/atnyatye.mp3
atnyelhe-ileme,https://arrernte-angkentye.online/ecall/audio/atnyelhe-ileme.mp3
atnyematye,https://arrernte-angkentye.online/ecall/audio/atnyematye.mp3
atnyeme 1,https://arrernte-angkentye.online/ecall/audio/atnyeme.mp3
atnyeme 2,https://arrernte-angkentye.online/ecall/audio/atnyeme.mp3
atnyeneme,https://arrernte-angkentye.online/ecall/audio/atnyeneme.mp3
atnyentye,https://arrernte-angkentye.online/ecall/audio/atnyentye.mp3
aturle,https://arrernte-angkentye.online/ecall/audio/aturle.mp3
atwakeye,https://arrernte-angkentye.online/ecall/audio/atwakeye.mp3
atwatye,https://arrernte-angkentye.online/ecall/audio/atwatye.mp3
atweme,https://arrernte-angkentye.online/ecall/audio/atweme.mp3
atwerreme,https://arrernte-angkentye.online/ecall/audio/atwerreme.mp3
atwetye,https://arrernte-angkentye.online/ecall/audio/atwetye.mp3
atyanke,https://arrernte-angkentye.online/ecall/audio/atyanke.mp3
atyarnpe,https://arrernte-angkentye.online/ecall/audio/atyarnpe.mp3
atyelpe,https://arrernte-angkentye.online/ecall/audio/atyelpe.mp3
atyemeye,https://arrernte-angkentye.online/ecall/audio/atyemeye.mp3
atyenge,https://arrernte-angkentye.online/ecall/audio/atyenge.mp3
atyenhe,https://arrernte-angkentye.online/ecall/audio/atyenhe.mp3
atyepe-atyepe,https://arrernte-angkentye.online/ecall/audio/atyepe-atyepe.mp3
atyerreme,https://arrernte-angkentye.online/ecall/audio/atyerreme.mp3
atyete,https://arrernte-angkentye.online/ecall/audio/atyete.mp3
atyewe,https://arrernte-angkentye.online/ecall/audio/atyewe.mp3
atyeye,https://arrernte-angkentye.online/ecall/audio/atyeye.mp3
atyinhe,https://arrernte-angkentye.online/ecall/audio/atyinhe.mp3
atywe,https://arrernte-angkentye.online/ecall/audio/atywe.mp3
atyunpe,https://arrernte-angkentye.online/ecall/audio/atyunpe.mp3
awakeme,https://arrernte-angkentye.online/ecall/audio/awakeme.mp3
awele-awele,https://arrernte-angkentye.online/ecall/audio/awele-awele.mp3
awelheme,https://arrernte-angkentye.online/ecall/audio/awelheme.mp3
aweme,https://arrernte-angkentye.online/ecall/audio/aweme.mp3
awempeme,https://arrernte-angkentye.online/ecall/audio/awempeme.mp3
awenhe,https://arrernte-angkentye.online/ecall/audio/awenhe.mp3
awenke,https://arrernte-angkentye.online/ecall/audio/awenke.mp3
awethe,https://arrernte-angkentye.online/ecall/audio/awethe.mp3
Ayekaye!,https://arrernte-angkentye.online/ecall/audio/ayekaye.mp3
ayenge,https://arrernte-angkentye.online/ecall/audio/ayenge.mp3
ayepe 1,https://arrernte-angkentye.online/ecall/audio/ayepe.mp3
ayepe 2,https://arrernte-angkentye.online/ecall/audio/ayepe.mp3
ayepe-arenye,https://arrernte-angkentye.online/ecall/audio/ayepe-arenye.mp3
ayepweme,https://arrernte-angkentye.online/ecall/audio/ayepweme.mp3
ayerrere,https://arrernte-angkentye.online/ecall/audio/ayerrere.mp3
ayeye,https://arrernte-angkentye.online/ecall/audio/ayeye.mp3
aywe,https://arrernte-angkentye.online/ecall/audio/aywe.mp3
aywepeme,https://arrernte-angkentye.online/ecall/audio/aywepeme.mp3
aywerte,https://arrernte-angkentye.online/ecall/audio/aywerte.mp3
ikngerre,https://arrernte-angkentye.online/ecall/audio/ikngerre.mp3
ikwarre,https://arrernte-angkentye.online/ecall/audio/ikwarre.mp3
ikwemeye,https://arrernte-angkentye.online/ecall/audio/ikwemeye.mp3
ikwere,https://arrernte-angkentye.online/ecall/audio/ikwere.mp3
ikwerenge,https://arrernte-angkentye.online/ecall/audio/ikwerenge.mp3
ikwerenhe,https://arrernte-angkentye.online/ecall/audio/ikwerenhe.mp3
ileme,https://arrernte-angkentye.online/ecall/audio/ileme.mp3
ilengare?,https://arrernte-angkentye.online/ecall/audio/ilengare.mp3
ilentye,https://arrernte-angkentye.online/ecall/audio/ilentye.mp3
ilepe,https://arrernte-angkentye.online/ecall/audio/ilepe.mp3
ilerne,https://arrernte-angkentye.online/ecall/audio/ilerne.mp3
ilernpenye,https://arrernte-angkentye.online/ecall/audio/ilernpenye.mp3
ilpenthe,https://arrernte-angkentye.online/ecall/audio/ilpenthe.mp3
Ilperle Tyathe,https://arrernte-angkentye.online/ecall/audio/ilperletyathe.mp3
ilpeye,https://arrernte-angkentye.online/ecall/audio/ilpeye.mp3
Ilpeye-Ilpeye,https://arrernte-angkentye.online/ecall/audio/ilpeye-ilpeye.mp3
ilteme,https://arrernte-angkentye.online/ecall/audio/ilteme.mp3
ilthe,https://arrernte-angkentye.online/ecall/audio/ilthe.mp3
iltyarnme,https://arrernte-angkentye.online/ecall/audio/iltyarnme.mp3
iltye,https://arrernte-angkentye.online/ecall/audio/iltye.mp3
iltye atnerte,https://arrernte-angkentye.online/ecall/audio/iltyeatnerte.mp3
iltye kantye,https://arrernte-angkentye.online/ecall/audio/iltyekantye.mp3
iltye-irreme,https://arrernte-angkentye.online/ecall/audio/iltye-irreme.mp3
iltywiltywe,https://arrernte-angkentye.online/ecall/audio/iltywiltywe.mp3
ilweme,https://arrernte-angkentye.online/ecall/audio/ilweme.mp3
ilwempe,https://arrernte-angkentye.online/ecall/audio/ilwempe.mp3
ilwerneme,https://arrernte-angkentye.online/ecall/audio/ilwerneme.mp3
ilye,https://arrernte-angkentye.online/ecall/audio/ilye.mp3
ilyelheme,https://arrernte-angkentye.online/ecall/audio/ilyelheme.mp3
ilyeme,https://arrernte-angkentye.online/ecall/audio/ilyeme.mp3
ilyerneme,https://arrernte-angkentye.online/ecall/audio/ilyerneme.mp3
ilyernpenye,https://arrernte-angkentye.online/ecall/audio/ilyernpenye.mp3
ilyweme,https://arrernte-angkentye.online/ecall/audio/ilyweme.mp3
Imerle,https://arrernte-angkentye.online/ecall/audio/imerle.mp3
imerneme,https://arrernte-angkentye.online/ecall/audio/imerneme.mp3
impatye,https://arrernte-angkentye.online/ecall/audio/impatye.mp3
impeme,https://arrernte-angkentye.online/ecall/audio/impeme.mp3
inape,https://arrernte-angkentye.online/ecall/audio/inape.mp3
inarlenge,https://arrernte-angkentye.online/ecall/audio/inarlenge.mp3
Inarlenge,https://arrernte-angkentye.online/ecall/audio/inarlenge.mp3
ineme,https://arrernte-angkentye.online/ecall/audio/ineme.mp3
inernte,https://arrernte-angkentye.online/ecall/audio/inernte.mp3
ingke,https://arrernte-angkentye.online/ecall/audio/ingke.mp3
ingkerte,https://arrernte-angkentye.online/ecall/audio/ingkerte.mp3
ingkirreke,https://arrernte-angkentye.online/ecall/audio/ingkirreke.mp3
ingkwe,https://arrernte-angkentye.online/ecall/audio/ingkwe.mp3
ingkwepeye,https://arrernte-angkentye.online/ecall/audio/ingkwepeye.mp3
ingkwerlpe,https://arrernte-angkentye.online/ecall/audio/ingkwerlpe.mp3
ingkweye,https://arrernte-angkentye.online/ecall/audio/ingkweye.mp3
ingwartentyele,https://arrernte-angkentye.online/ecall/audio/ingwartentyele.mp3
ingwe,https://arrernte-angkentye.online/ecall/audio/ingwe.mp3
ingweleme,https://arrernte-angkentye.online/ecall/audio/ingweleme.mp3
ingwenthe,https://arrernte-angkentye.online/ecall/audio/ingwenthe.mp3
ingwethnele,https://arrernte-angkentye.online/ecall/audio/ingwethnele.mp3
inngirre,https://arrernte-angkentye.online/ecall/audio/inngirre.mp3
intame-intame,https://arrernte-angkentye.online/ecall/audio/intame-intame.mp3
intelhe-ileme / intelhileme,https://arrernte-angkentye.online/ecall/audio/intelhe-ilemeintelhileme.mp3
inteltye,https://arrernte-angkentye.online/ecall/audio/inteltye.mp3
intelyapelyape,https://arrernte-angkentye.online/ecall/audio/intelyapelyape.mp3
inteme,https://arrernte-angkentye.online/ecall/audio/inteme.mp3
interlpe,https://arrernte-angkentye.online/ecall/audio/interlpe.mp3
interrke,https://arrernte-angkentye.online/ecall/audio/interrke.mp3
inteye,https://arrernte-angkentye.online/ecall/audio/inteye.mp3
intwarre,https://arrernte-angkentye.online/ecall/audio/intwarre.mp3
intyeme,https://arrernte-angkentye.online/ecall/audio/intyeme.mp3
intyerrke,https://arrernte-angkentye.online/ecall/audio/intyerrke.mp3
inurle,https://arrernte-angkentye.online/ecall/audio/inurle.mp3
inwenge,https://arrernte-angkentye.online/ecall/audio/inwenge.mp3
inwerre,https://arrernte-angkentye.online/ecall/audio/inwerre.mp3
iparrpe,https://arrernte-angkentye.online/ecall/audio/iparrpe.mp3
iparrpe-iparrpe,https://arrernte-angkentye.online/ecall/audio/iparrpe-iparrpe.mp3
​-ipenhe,https://arrernte-angkentye.online/ecall/audio/-ipenhe.mp3
ipenye,https://arrernte-angkentye.online/ecall/audio/ipenye.mp3
​-iperre,https://arrernte-angkentye.online/ecall/audio/-iperre.mp3
iperte,https://arrernte-angkentye.online/ecall/audio/iperte.mp3
ipmenhe,https://arrernte-angkentye.online/ecall/audio/ipmenhe.mp3
irlantye,https://arrernte-angkentye.online/ecall/audio/irlantye.mp3
irlpe,https://arrernte-angkentye.online/ecall/audio/irlpe.mp3
irlpelhe,https://arrernte-angkentye.online/ecall/audio/irlpelhe.mp3
irlperenye,https://arrernte-angkentye.online/ecall/audio/irlperenye.mp3
irlweme,https://arrernte-angkentye.online/ecall/audio/irlweme.mp3
irnwerre,https://arrernte-angkentye.online/ecall/audio/irnwerre.mp3
irnterre,https://arrernte-angkentye.online/ecall/audio/irnterre.mp3
irntirte,https://arrernte-angkentye.online/ecall/audio/irntirte.mp3
irntwarre,https://arrernte-angkentye.online/ecall/audio/irntwarre.mp3
irrakere,https://arrernte-angkentye.online/ecall/audio/irrakere.mp3
irrare,https://arrernte-angkentye.online/ecall/audio/irrare.mp3
irrare-irreme,https://arrernte-angkentye.online/ecall/audio/irrare-irreme.mp3
irrarnte,https://arrernte-angkentye.online/ecall/audio/irrarnte.mp3
irreme,https://arrernte-angkentye.online/ecall/audio/irreme.mp3
irrerlknge,https://arrernte-angkentye.online/ecall/audio/irrerlknge.mp3
irrernte,https://arrernte-angkentye.online/ecall/audio/irrernte.mp3
irretye,https://arrernte-angkentye.online/ecall/audio/irretye.mp3
irrkepe,https://arrernte-angkentye.online/ecall/audio/irrkepe.mp3
irrkereme,https://arrernte-angkentye.online/ecall/audio/irrkereme.mp3
irrkerlantye,https://arrernte-angkentye.online/ecall/audio/irrkerlantye.mp3
irrkerteye,https://arrernte-angkentye.online/ecall/audio/irrkerteye.mp3
irrketye,https://arrernte-angkentye.online/ecall/audio/irrketye.mp3
irrkngelhe,https://arrernte-angkentye.online/ecall/audio/irrkngelhe.mp3
irrkwentye,https://arrernte-angkentye.online/ecall/audio/irrkwentye.mp3
irrpeme,https://arrernte-angkentye.online/ecall/audio/irrpeme.mp3
irrpennge,https://arrernte-angkentye.online/ecall/audio/irrpennge.mp3
irrtnye,https://arrernte-angkentye.online/ecall/audio/irrtnye.mp3
irrtnye-iweme,https://arrernte-angkentye.online/ecall/audio/irrtnye-iweme.mp3
irrtyarte,https://arrernte-angkentye.online/ecall/audio/irrtyarte.mp3
ite,https://arrernte-angkentye.online/ecall/audio/ite.mp3
itelareme / itele-areme,https://arrernte-angkentye.online/ecall/audio/itelaremeitele-areme.mp3
itelye,https://arrernte-angkentye.online/ecall/audio/itelye.mp3
iteme,https://arrernte-angkentye.online/ecall/audio/iteme.mp3
itethe,https://arrernte-angkentye.online/ecall/audio/itethe.mp3
ithwenge,https://arrernte-angkentye.online/ecall/audio/ithwenge.mp3
itirreme,https://arrernte-angkentye.online/ecall/audio/itirreme.mp3
itne,https://arrernte-angkentye.online/ecall/audio/itne.mp3
itnenhe,https://arrernte-angkentye.online/ecall/audio/itnenhe.mp3
itnyelhe-ileme,https://arrernte-angkentye.online/ecall/audio/itnyelhe-ileme.mp3
itnyeme,https://arrernte-angkentye.online/ecall/audio/itnyeme.mp3
itwe,https://arrernte-angkentye.online/ecall/audio/itwe.mp3
iweme,https://arrernte-angkentye.online/ecall/audio/iweme.mp3
iwenhe?,https://arrernte-angkentye.online/ecall/audio/iwenhe.mp3
iwenhe-akweye,https://arrernte-angkentye.online/ecall/audio/iwenhe-akweye.mp3
iwenheke?,https://arrernte-angkentye.online/ecall/audio/iwenheke.mp3
iwenhenge?,https://arrernte-angkentye.online/ecall/audio/iwenhenge.mp3
iwenye,https://arrernte-angkentye.online/ecall/audio/iwenye.mp3
iwepe,https://arrernte-angkentye.online/ecall/audio/iwepe.mp3
iwerre,https://arrernte-angkentye.online/ecall/audio/iwerre.mp3
kake,https://arrernte-angkentye.online/ecall/audio/kake.mp3
Karnte,https://arrernte-angkentye.online/ecall/audio/karnte.mp3
karnte-karnte,https://arrernte-angkentye.online/ecall/audio/karnte-karnte.mp3
kele,https://arrernte-angkentye.online/ecall/audio/kele.mp3
kelyawe,https://arrernte-angkentye.online/ecall/audio/kelyawe.mp3
Kemarre,https://arrernte-angkentye.online/ecall/audio/kemarre.mp3
​-kenhe,https://arrernte-angkentye.online/ecall/audio/-kenhe.mp3
kere,https://arrernte-angkentye.online/ecall/audio/kere.mp3
Kngwarraye,https://arrernte-angkentye.online/ecall/audio/kngwarraye.mp3
kurrkurrke,https://arrernte-angkentye.online/ecall/audio/kurrkurrke.mp3
kwarte,https://arrernte-angkentye.online/ecall/audio/kwarte.mp3
kwatye,https://arrernte-angkentye.online/ecall/audio/kwatye.mp3
Kwementyaye,https://arrernte-angkentye.online/ecall/audio/kwementyaye.mp3
kwene,https://arrernte-angkentye.online/ecall/audio/kwene.mp3
kwene-irreme,https://arrernte-angkentye.online/ecall/audio/kwene-irreme.mp3
kwepalepale,https://arrernte-angkentye.online/ecall/audio/kwepalepale.mp3
kwerneme,https://arrernte-angkentye.online/ecall/audio/kwerneme.mp3
kwerralye,https://arrernte-angkentye.online/ecall/audio/kwerralye.mp3
kwerrkwerrke,https://arrernte-angkentye.online/ecall/audio/kwerrkwerrke.mp3
kwerte,https://arrernte-angkentye.online/ecall/audio/kwerte.mp3
kwetere,https://arrernte-angkentye.online/ecall/audio/kwetere.mp3
Kweye?,https://arrernte-angkentye.online/ecall/audio/kweye.mp3
​-le,https://arrernte-angkentye.online/ecall/audio/-le.mp3
lhenpe,https://arrernte-angkentye.online/ecall/audio/lhenpe.mp3
Lhenpe Artnwe,https://arrernte-angkentye.online/ecall/audio/lhenpeartnwe.mp3
lhere,https://arrernte-angkentye.online/ecall/audio/lhere.mp3
ltare-atweme,https://arrernte-angkentye.online/ecall/audio/ltare-atweme.mp3
ltare-ltare,https://arrernte-angkentye.online/ecall/audio/ltare-ltare.mp3
lterre,https://arrernte-angkentye.online/ecall/audio/lterre.mp3
lterrke,https://arrernte-angkentye.online/ecall/audio/lterrke.mp3
lthane,https://arrernte-angkentye.online/ecall/audio/lthane.mp3
lthangkwe,https://arrernte-angkentye.online/ecall/audio/lthangkwe.mp3
lthere-iweme,https://arrernte-angkentye.online/ecall/audio/lthere-iweme.mp3
ltyentye,https://arrernte-angkentye.online/ecall/audio/ltyentye.mp3
Ltyentye Apurte,https://arrernte-angkentye.online/ecall/audio/ltyentyeapurte.mp3
lyapeme,https://arrernte-angkentye.online/ecall/audio/lyapeme.mp3
lyeke,https://arrernte-angkentye.online/ecall/audio/lyeke.mp3
lyepe-lyepe,https://arrernte-angkentye.online/ecall/audio/lyepe-lyepe.mp3
lyete,https://arrernte-angkentye.online/ecall/audio/lyete.mp3
lyetenye,https://arrernte-angkentye.online/ecall/audio/lyetenye.mp3
makete,https://arrernte-angkentye.online/ecall/audio/makete.mp3
makite,https://arrernte-angkentye.online/ecall/audio/makite.mp3
mantere,https://arrernte-angkentye.online/ecall/audio/mantere.mp3
marle,https://arrernte-angkentye.online/ecall/audio/marle.mp3
marteme,https://arrernte-angkentye.online/ecall/audio/marteme.mp3
matye,https://arrernte-angkentye.online/ecall/audio/matye.mp3
Me!,https://arrernte-angkentye.online/ecall/audio/me.mp3
merne,https://arrernte-angkentye.online/ecall/audio/merne.mp3
metye,https://arrernte-angkentye.online/ecall/audio/metye.mp3
meye,https://arrernte-angkentye.online/ecall/audio/meye.mp3
Mparntwe,https://arrernte-angkentye.online/ecall/audio/mparntwe.mp3
Mpe!,https://arrernte-angkentye.online/ecall/audio/mpe.mp3
mpenge,https://arrernte-angkentye.online/ecall/audio/mpenge.mp3
mpepe,https://arrernte-angkentye.online/ecall/audio/mpepe.mp3
mperlkere,https://arrernte-angkentye.online/ecall/audio/mperlkere.mp3
mpwaltye,https://arrernte-angkentye.online/ecall/audio/mpwaltye.mp3
mpwareme,https://arrernte-angkentye.online/ecall/audio/mpwareme.mp3
mpwele,https://arrernte-angkentye.online/ecall/audio/mpwele.mp3
mpwepe,https://arrernte-angkentye.online/ecall/audio/mpwepe.mp3
mpwere,https://arrernte-angkentye.online/ecall/audio/mpwere.mp3
mpwerne,https://arrernte-angkentye.online/ecall/audio/mpwerne.mp3
mpwerneye,https://arrernte-angkentye.online/ecall/audio/mpwerneye.mp3
Mpwetyerre,https://arrernte-angkentye.online/ecall/audio/mpwetyerre.mp3
mwantye,https://arrernte-angkentye.online/ecall/audio/mwantye.mp3
mwarre,https://arrernte-angkentye.online/ecall/audio/mwarre.mp3
mwekarte,https://arrernte-angkentye.online/ecall/audio/mwekarte.mp3
mweramwenke,https://arrernte-angkentye.online/ecall/audio/mweramwenke.mp3
mwere,https://arrernte-angkentye.online/ecall/audio/mwere.mp3
mwernte-irreme,https://arrernte-angkentye.online/ecall/audio/mwernte-irreme.mp3
mwerre,https://arrernte-angkentye.online/ecall/audio/mwerre.mp3
name,https://arrernte-angkentye.online/ecall/audio/name.mp3
nanthe,https://arrernte-angkentye.online/ecall/audio/nanthe.mp3
​-nge-ntyele,https://arrernte-angkentye.online/ecall/audio/-nge-ntyele.mp3
ngenhe,https://arrernte-angkentye.online/ecall/audio/ngenhe.mp3
ngentye,https://arrernte-angkentye.online/ecall/audio/ngentye.mp3
ngkarte,https://arrernte-angkentye.online/ecall/audio/ngkarte.mp3
Ngke!,https://arrernte-angkentye.online/ecall/audio/ngke.mp3
ngkerneme,https://arrernte-angkentye.online/ecall/audio/ngkerneme.mp3
ngkerralye,https://arrernte-angkentye.online/ecall/audio/ngkerralye.mp3
ngkwarle,https://arrernte-angkentye.online/ecall/audio/ngkwarle.mp3
ngkweltye,https://arrernte-angkentye.online/ecall/audio/ngkweltye.mp3
ngkwerne,https://arrernte-angkentye.online/ecall/audio/ngkwerne.mp3
ngkwerne-ngkwerne,https://arrernte-angkentye.online/ecall/audio/ngkwerne-ngkwerne.mp3
ngkwinhe,https://arrernte-angkentye.online/ecall/audio/ngkwinhe.mp3
nhakwe,https://arrernte-angkentye.online/ecall/audio/nhakwe.mp3
nhenge,https://arrernte-angkentye.online/ecall/audio/nhenge.mp3
nhenhe,https://arrernte-angkentye.online/ecall/audio/nhenhe.mp3
ntange,https://arrernte-angkentye.online/ecall/audio/ntange.mp3
Ntaripe,https://arrernte-angkentye.online/ecall/audio/ntaripe.mp3
ntarne,https://arrernte-angkentye.online/ecall/audio/ntarne.mp3
nterte,https://arrernte-angkentye.online/ecall/audio/nterte.mp3
nteweme,https://arrernte-angkentye.online/ecall/audio/nteweme.mp3
nthakenhe?,https://arrernte-angkentye.online/ecall/audio/nthakenhe.mp3
nthakentye?,https://arrernte-angkentye.online/ecall/audio/nthakentye.mp3
nthakintye?,https://arrernte-angkentye.online/ecall/audio/nthakintye.mp3
nthenhe?,https://arrernte-angkentye.online/ecall/audio/nthenhe.mp3
nthenhe-werne?,https://arrernte-angkentye.online/ecall/audio/nthenhe-werne.mp3
ntherrarte,https://arrernte-angkentye.online/ecall/audio/ntherrarte.mp3
ntulye,https://arrernte-angkentye.online/ecall/audio/ntulye.mp3
nturrerte,https://arrernte-angkentye.online/ecall/audio/nturrerte.mp3
ntyange,https://arrernte-angkentye.online/ecall/audio/ntyange.mp3
ntyarlke,https://arrernte-angkentye.online/ecall/audio/ntyarlke.mp3
Ntyarlke-arle-tyaneme,https://arrernte-angkentye.online/ecall/audio/ntyarlke-arle-tyaneme.mp3
​-ntyele,https://arrernte-angkentye.online/ecall/audio/-ntyele.mp3
ntyeme,https://arrernte-angkentye.online/ecall/audio/ntyeme.mp3
ntyerneme,https://arrernte-angkentye.online/ecall/audio/ntyerneme.mp3
ntyerrknge-atnyeme,https://arrernte-angkentye.online/ecall/audio/ntyerrknge-atnyeme.mp3
ntyerrknge-itnyeme,https://arrernte-angkentye.online/ecall/audio/ntyerrknge-itnyeme.mp3
nyemale,https://arrernte-angkentye.online/ecall/audio/nyemale.mp3
Nyewente,https://arrernte-angkentye.online/ecall/audio/nyewente.mp3
parlkene,https://arrernte-angkentye.online/ecall/audio/parlkene.mp3
pelhe,https://arrernte-angkentye.online/ecall/audio/pelhe.mp3
Peltharre,https://arrernte-angkentye.online/ecall/audio/peltharre.mp3
Penangke,https://arrernte-angkentye.online/ecall/audio/penangke.mp3
Pengarte,https://arrernte-angkentye.online/ecall/audio/pengarte.mp3
Perrurle,https://arrernte-angkentye.online/ecall/audio/perrurle.mp3
pewileme,https://arrernte-angkentye.online/ecall/audio/pewileme.mp3
pmulpere,https://arrernte-angkentye.online/ecall/audio/pmulpere.mp3
pmware-pmware,https://arrernte-angkentye.online/ecall/audio/pmware-pmware.mp3
pmwelpere,https://arrernte-angkentye.online/ecall/audio/pmwelpere.mp3
purlpurle,https://arrernte-angkentye.online/ecall/audio/purlpurle.mp3
pwarrtyeme,https://arrernte-angkentye.online/ecall/audio/pwarrtyeme.mp3
pwenge,https://arrernte-angkentye.online/ecall/audio/pwenge.mp3
pwepelye,https://arrernte-angkentye.online/ecall/audio/pwepelye.mp3
pwerlepe,https://arrernte-angkentye.online/ecall/audio/pwerlepe.mp3
pwerlpwerle,https://arrernte-angkentye.online/ecall/audio/pwerlpwerle.mp3
rakeme,https://arrernte-angkentye.online/ecall/audio/rakeme.mp3
rante-rante,https://arrernte-angkentye.online/ecall/audio/rante-rante.mp3
re,https://arrernte-angkentye.online/ecall/audio/re.mp3
re-atherre / ratherre,https://arrernte-angkentye.online/ecall/audio/re-atherreratherre.mp3
renhe,https://arrernte-angkentye.online/ecall/audio/renhe.mp3
renhe-atherre,https://arrernte-angkentye.online/ecall/audio/renhe-atherre.mp3
rlke,https://arrernte-angkentye.online/ecall/audio/rlke.mp3
rlkerte,https://arrernte-angkentye.online/ecall/audio/rlkerte.mp3
rlputneme,https://arrernte-angkentye.online/ecall/audio/rlputneme.mp3
rulyulye,https://arrernte-angkentye.online/ecall/audio/rulyulye.mp3
takwe,https://arrernte-angkentye.online/ecall/audio/takwe.mp3
terte,https://arrernte-angkentye.online/ecall/audio/terte.mp3
Thare-arle-tneme,https://arrernte-angkentye.online/ecall/audio/thare-arle-tneme.mp3
tharre,https://arrernte-angkentye.online/ecall/audio/tharre.mp3
the,https://arrernte-angkentye.online/ecall/audio/the.mp3
theke-theke-ileme,https://arrernte-angkentye.online/ecall/audio/theke-theke-ileme.mp3
theleme,https://arrernte-angkentye.online/ecall/audio/theleme.mp3
thipe,https://arrernte-angkentye.online/ecall/audio/thipe.mp3
tile,https://arrernte-angkentye.online/ecall/audio/tile.mp3
tirre-tirre,https://arrernte-angkentye.online/ecall/audio/tirre-tirre.mp3
tnakeme,https://arrernte-angkentye.online/ecall/audio/tnakeme.mp3
tneme,https://arrernte-angkentye.online/ecall/audio/tneme.mp3
tnyelheme,https://arrernte-angkentye.online/ecall/audio/tnyelheme.mp3
tnyeme,https://arrernte-angkentye.online/ecall/audio/tnyeme.mp3
tunpere,https://arrernte-angkentye.online/ecall/audio/tunpere.mp3
tyape,https://arrernte-angkentye.online/ecall/audio/tyape.mp3
tyarre-ineme,https://arrernte-angkentye.online/ecall/audio/tyarre-ineme.mp3
tyelpme,https://arrernte-angkentye.online/ecall/audio/tyelpme.mp3
tyepmware,https://arrernte-angkentye.online/ecall/audio/tyepmware.mp3
tyerraye,https://arrernte-angkentye.online/ecall/audio/tyerraye.mp3
tyerrtye,https://arrernte-angkentye.online/ecall/audio/tyerrtye.mp3
tywepmare,https://arrernte-angkentye.online/ecall/audio/tywepmare.mp3
ulampe-ulampe,https://arrernte-angkentye.online/ecall/audio/ulampe-ulampe.mp3
ulare,https://arrernte-angkentye.online/ecall/audio/ulare.mp3
ulhelke,https://arrernte-angkentye.online/ecall/audio/ulhelke.mp3
​-ulkere,https://arrernte-angkentye.online/ecall/audio/-ulkere.mp3
ulpe,https://arrernte-angkentye.online/ecall/audio/ulpe.mp3
ulpere,https://arrernte-angkentye.online/ecall/audio/ulpere.mp3
ulpernelheme,https://arrernte-angkentye.online/ecall/audio/ulpernelheme.mp3
ultakeme,https://arrernte-angkentye.online/ecall/audio/ultakeme.mp3
ulte,https://arrernte-angkentye.online/ecall/audio/ulte.mp3
ultheme,https://arrernte-angkentye.online/ecall/audio/ultheme.mp3
ulthentye,https://arrernte-angkentye.online/ecall/audio/ulthentye.mp3
ulye,https://arrernte-angkentye.online/ecall/audio/ulye.mp3
ulyentye,https://arrernte-angkentye.online/ecall/audio/ulyentye.mp3
ulyepere,https://arrernte-angkentye.online/ecall/audio/ulyepere.mp3
unte,https://arrernte-angkentye.online/ecall/audio/unte.mp3
unteme,https://arrernte-angkentye.online/ecall/audio/unteme.mp3
untheme,https://arrernte-angkentye.online/ecall/audio/untheme.mp3
untye,https://arrernte-angkentye.online/ecall/audio/untye.mp3
untyeye,https://arrernte-angkentye.online/ecall/audio/untyeye.mp3
unyerre,https://arrernte-angkentye.online/ecall/audio/unyerre.mp3
ure,https://arrernte-angkentye.online/ecall/audio/ure.mp3
urewe,https://arrernte-angkentye.online/ecall/audio/urewe.mp3
urinpe,https://arrernte-angkentye.online/ecall/audio/urinpe.mp3
urlampe-urlampe,https://arrernte-angkentye.online/ecall/audio/urlampe-urlampe.mp3
urlare,https://arrernte-angkentye.online/ecall/audio/urlare.mp3
urle,https://arrernte-angkentye.online/ecall/audio/urle.mp3
urlkere,https://arrernte-angkentye.online/ecall/audio/urlkere.mp3
urlpe,https://arrernte-angkentye.online/ecall/audio/urlpe.mp3
urlpme,https://arrernte-angkentye.online/ecall/audio/urlpme.mp3
urlpmernte,https://arrernte-angkentye.online/ecall/audio/urlpmernte.mp3
urltampe,https://arrernte-angkentye.online/ecall/audio/urltampe.mp3
urlte,https://arrernte-angkentye.online/ecall/audio/urlte.mp3
urnteme,https://arrernte-angkentye.online/ecall/audio/urnteme.mp3
urreke,https://arrernte-angkentye.online/ecall/audio/urreke.mp3
urrempere,https://arrernte-angkentye.online/ecall/audio/urrempere.mp3
urreye,https://arrernte-angkentye.online/ecall/audio/urreye.mp3
urrperle,https://arrernte-angkentye.online/ecall/audio/urrperle.mp3
urrpetye,https://arrernte-angkentye.online/ecall/audio/urrpetye.mp3
urrpmale,https://arrernte-angkentye.online/ecall/audio/urrpmale.mp3
urtepe-irreme,https://arrernte-angkentye.online/ecall/audio/urtepe-irreme.mp3
urtne,https://arrernte-angkentye.online/ecall/audio/urtne.mp3
uterne,https://arrernte-angkentye.online/ecall/audio/uterne.mp3
uterne-uterne,https://arrernte-angkentye.online/ecall/audio/uterne-uterne.mp3
uterneme,https://arrernte-angkentye.online/ecall/audio/uterneme.mp3
uthene,https://arrernte-angkentye.online/ecall/audio/uthene.mp3
uthneme,https://arrernte-angkentye.online/ecall/audio/uthneme.mp3
utnanthe,https://arrernte-angkentye.online/ecall/audio/utnanthe.mp3
utnenge,https://arrernte-angkentye.online/ecall/audio/utnenge.mp3
utnerrengatye,https://arrernte-angkentye.online/ecall/audio/utnerrengatye.mp3
utnerrenge,https://arrernte-angkentye.online/ecall/audio/utnerrenge.mp3
utyene,https://arrernte-angkentye.online/ecall/audio/utyene.mp3
utyerrke,https://arrernte-angkentye.online/ecall/audio/utyerrke.mp3
utyewe,https://arrernte-angkentye.online/ecall/audio/utyewe.mp3
utyipme,https://arrernte-angkentye.online/ecall/audio/utyipme.mp3
uyarne,https://arrernte-angkentye.online/ecall/audio/uyarne.mp3
uye,https://arrernte-angkentye.online/ecall/audio/uye.mp3
uyenpere,https://arrernte-angkentye.online/ecall/audio/uyenpere.mp3
Uyenpere Atwatye,https://arrernte-angkentye.online/ecall/audio/uyenpereatwatye.mp3
wangkeme,https://arrernte-angkentye.online/ecall/audio/wangkeme.mp3
wanteme,https://arrernte-angkentye.online/ecall/audio/wanteme.mp3
ware,https://arrernte-angkentye.online/ecall/audio/ware.mp3
warle,https://arrernte-angkentye.online/ecall/audio/warle.mp3
weme,https://arrernte-angkentye.online/ecall/audio/weme.mp3
​-werne,https://arrernte-angkentye.online/ecall/audio/-werne.mp3
Werte?,https://arrernte-angkentye.online/ecall/audio/werte.mp3
yalke,https://arrernte-angkentye.online/ecall/audio/yalke.mp3
yanhe,https://arrernte-angkentye.online/ecall/audio/yanhe.mp3
Yarrentye Arltere,https://arrernte-angkentye.online/ecall/audio/yarrentyearltere.mp3
yaye,https://arrernte-angkentye.online/ecall/audio/yaye.mp3
Ye,https://arrernte-angkentye.online/ecall/audio/ye.mp3
Yekwe,https://arrernte-angkentye.online/ecall/audio/yekwe.mp3
yenpe,https://arrernte-angkentye.online/ecall/audio/yenpe.mp3
yepe,https://arrernte-angkentye.online/ecall/audio/yepe.mp3
yepe-yepe,https://arrernte-angkentye.online/ecall/audio/yepe-yepe.mp3
yerneme,https://arrernte-angkentye.online/ecall/audio/yerneme.mp3
yerrampe,https://arrernte-angkentye.online/ecall/audio/yerrampe.mp3
yerre,https://arrernte-angkentye.online/ecall/audio/yerre.mp3
Yewe-yewe,https://arrernte-angkentye.online/ecall/audio/yewe-yewe.mp3
Yweke,https://arrernte-angkentye.online/ecall/audio/yweke.mp3
